{
    "getAllData" : "SELECT  * FROM [dbo].[tblEmployee]",
    "addNewUser" :"INSERT INTO [dbo].[tblEmployee]([Name],[City],[Department],[Gender]) VALUES (@Name,@City,@Department,@Gender)",
    "deleteUser" : "DELETE FROM [dbo].[tblEmployee] WHERE EmployeeID = @EmployeeID",
    "updateUserDetails" : "UPDATE [dbo].[tblEmployee] SET Name = @Name, City=@City, Department=@Department,Gender=@Gender WHERE EmployeeID = @EmployeeID",
    "getAllStudent":"SELECT * FROM StudentMaster",
    "addStudent":"INSERT INTO StudentMaster (StudentName, Age, DOB, Address, IsDelete, CreatedDate) VALUEs(@StudentName, @Age, @DOB, @Address, 'FALSE', GETDATE)"
}